{
	"name": "boss",
	"plugin-id": "Sprite",
	"sid": 824106052768011,
	"isGlobal": false,
	"instanceVariables": [
		{
			"name": "active",
			"type": "boolean",
			"desc": "",
			"sid": 298937692336807
		},
		{
			"name": "state",
			"type": "string",
			"desc": "",
			"sid": 535664076053564
		},
		{
			"name": "dist",
			"type": "number",
			"desc": "",
			"sid": 332179310490604
		}
	],
	"behaviorTypes": [
		{
			"behaviorId": "Platform",
			"name": "Platform",
			"sid": 208454455110202
		},
		{
			"behaviorId": "LOS",
			"name": "LineOfSight",
			"sid": 410300353751461
		}
	],
	"effectTypes": [],
	"animations": {
		"items": [
			{
				"frames": [
					{
						"width": 64,
						"height": 64,
						"originX": 0.5,
						"originY": 0.5,
						"originalSource": "",
						"exportFormat": "png",
						"exportQuality": 0.8,
						"imageSpriteId": 3396748,
						"collisionPoly": {
							"points": [
								0.4375,
								0.4375,
								0.5,
								0.34375,
								0.546875,
								0.4375,
								0.5625,
								0.5,
								0.59375,
								0.59375,
								0.5,
								0.5625,
								0.421875,
								0.5625,
								0.15625,
								0.5
							]
						},
						"useCollisionPoly": true,
						"duration": 1
					},
					{
						"width": 64,
						"height": 64,
						"originX": 0.5,
						"originY": 0.5,
						"originalSource": "",
						"exportFormat": "png",
						"exportQuality": 0.8,
						"imageSpriteId": 3741018,
						"collisionPoly": {
							"points": [
								0.453125,
								0.453125,
								0.5,
								0.359375,
								0.546875,
								0.4375,
								0.5625,
								0.5,
								0.59375,
								0.59375,
								0.5,
								0.59375,
								0.390625,
								0.59375,
								0.234375,
								0.5
							]
						},
						"useCollisionPoly": true,
						"duration": 1
					},
					{
						"width": 64,
						"height": 64,
						"originX": 0.5,
						"originY": 0.5,
						"originalSource": "",
						"exportFormat": "png",
						"exportQuality": 0.8,
						"imageSpriteId": 9227726,
						"collisionPoly": {
							"points": [
								0.453125,
								0.453125,
								0.5,
								0.359375,
								0.546875,
								0.4375,
								0.5625,
								0.5,
								0.59375,
								0.59375,
								0.5,
								0.59375,
								0.390625,
								0.59375,
								0.421875,
								0.5
							]
						},
						"useCollisionPoly": true,
						"duration": 1
					},
					{
						"width": 64,
						"height": 64,
						"originX": 0.5,
						"originY": 0.5,
						"originalSource": "",
						"exportFormat": "png",
						"exportQuality": 0.8,
						"imageSpriteId": 2329986,
						"collisionPoly": {
							"points": [
								0.265625,
								0.265625,
								0.5,
								0.3125,
								0.546875,
								0.4375,
								0.578125,
								0.5,
								0.546875,
								0.546875,
								0.5,
								0.5625,
								0.4375,
								0.546875,
								0.140625,
								0.5
							]
						},
						"useCollisionPoly": true,
						"duration": 1
					},
					{
						"width": 64,
						"height": 64,
						"originX": 0.5,
						"originY": 0.5,
						"originalSource": "",
						"exportFormat": "png",
						"exportQuality": 0.8,
						"imageSpriteId": 6255410,
						"collisionPoly": {
							"points": [
								0.265625,
								0.265625,
								0.5,
								0.3125,
								0.546875,
								0.4375,
								0.578125,
								0.5,
								0.546875,
								0.546875,
								0.5,
								0.5625,
								0.4375,
								0.546875,
								0.4375,
								0.5
							]
						},
						"useCollisionPoly": true,
						"duration": 1
					},
					{
						"width": 64,
						"height": 64,
						"originX": 0.5,
						"originY": 0.5,
						"originalSource": "",
						"exportFormat": "png",
						"exportQuality": 0.8,
						"imageSpriteId": 6752277,
						"collisionPoly": {
							"points": [
								0.265625,
								0.265625,
								0.5,
								0.3125,
								0.546875,
								0.4375,
								0.578125,
								0.5,
								0.546875,
								0.546875,
								0.5,
								0.5625,
								0.4375,
								0.546875,
								0.4375,
								0.5
							]
						},
						"useCollisionPoly": true,
						"duration": 1
					},
					{
						"width": 64,
						"height": 64,
						"originX": 0.5,
						"originY": 0.5,
						"originalSource": "",
						"exportFormat": "png",
						"exportQuality": 0.8,
						"imageSpriteId": 8285945,
						"collisionPoly": {
							"points": [
								0.265625,
								0.265625,
								0.5,
								0.328125,
								0.546875,
								0.4375,
								0.53125,
								0.5,
								0.578125,
								0.578125,
								0.5,
								0.5625,
								0.421875,
								0.5625,
								0.375,
								0.5
							]
						},
						"useCollisionPoly": true,
						"duration": 1
					},
					{
						"width": 64,
						"height": 64,
						"originX": 0.5,
						"originY": 0.5,
						"originalSource": "",
						"exportFormat": "png",
						"exportQuality": 0.8,
						"imageSpriteId": 4492794,
						"collisionPoly": {
							"points": [
								0.296875,
								0.296875,
								0.5,
								0.3125,
								0.546875,
								0.4375,
								0.53125,
								0.5,
								0.546875,
								0.546875,
								0.5,
								0.578125,
								0.421875,
								0.5625,
								0.359375,
								0.5
							]
						},
						"useCollisionPoly": true,
						"duration": 1
					},
					{
						"width": 64,
						"height": 64,
						"originX": 0.5,
						"originY": 0.5,
						"originalSource": "",
						"exportFormat": "png",
						"exportQuality": 0.8,
						"imageSpriteId": 9006220,
						"collisionPoly": {
							"points": [
								0.359375,
								0.359375,
								0.5,
								0.3125,
								0.546875,
								0.4375,
								0.53125,
								0.5,
								0.546875,
								0.546875,
								0.5,
								0.578125,
								0.421875,
								0.5625,
								0.359375,
								0.5
							]
						},
						"useCollisionPoly": true,
						"duration": 1
					}
				],
				"sid": 598695422551920,
				"name": "attack",
				"isLooping": true,
				"isPingPong": true,
				"repeatCount": 1,
				"repeatTo": 1,
				"speed": 1
			},
			{
				"frames": [
					{
						"width": 64,
						"height": 64,
						"originX": 0.5,
						"originY": 0.5,
						"originalSource": "",
						"exportFormat": "png",
						"exportQuality": 0.8,
						"imageSpriteId": 7743708,
						"collisionPoly": {
							"points": [
								0.359375,
								0.359375,
								0.5,
								0.3125,
								0.546875,
								0.4375,
								0.53125,
								0.5,
								0.546875,
								0.546875,
								0.5,
								0.578125,
								0.421875,
								0.5625,
								0.359375,
								0.5
							]
						},
						"useCollisionPoly": true,
						"duration": 1
					},
					{
						"width": 64,
						"height": 64,
						"originX": 0.5,
						"originY": 0.5,
						"originalSource": "",
						"exportFormat": "png",
						"exportQuality": 0.8,
						"imageSpriteId": 3407215,
						"collisionPoly": {
							"points": [
								0.375,
								0.375,
								0.5,
								0.296875,
								0.5625,
								0.421875,
								0.59375,
								0.5,
								0.578125,
								0.578125,
								0.5,
								0.609375,
								0.453125,
								0.53125,
								0.375,
								0.5
							]
						},
						"useCollisionPoly": true,
						"duration": 1
					},
					{
						"width": 64,
						"height": 64,
						"originX": 0.5,
						"originY": 0.5,
						"originalSource": "",
						"exportFormat": "png",
						"exportQuality": 0.8,
						"imageSpriteId": 2958421,
						"collisionPoly": {
							"points": [
								0.359375,
								0.359375,
								0.5,
								0.296875,
								0.546875,
								0.4375,
								0.578125,
								0.5,
								0.546875,
								0.546875,
								0.5,
								0.609375,
								0.4375,
								0.546875,
								0.359375,
								0.5
							]
						},
						"useCollisionPoly": true,
						"duration": 1
					}
				],
				"sid": 849272993189675,
				"name": "run",
				"isLooping": true,
				"isPingPong": false,
				"repeatCount": 1,
				"repeatTo": 0,
				"speed": 5
			},
			{
				"frames": [
					{
						"width": 64,
						"height": 64,
						"originX": 0.5,
						"originY": 0.5,
						"originalSource": "",
						"exportFormat": "png",
						"exportQuality": 0.8,
						"imageSpriteId": 628906,
						"collisionPoly": {
							"points": [
								0.328125,
								0.328125,
								0.5,
								0.3125,
								0.609375,
								0.375,
								0.5625,
								0.5,
								0.53125,
								0.53125,
								0.5,
								0.578125,
								0.421875,
								0.5625,
								0.328125,
								0.5
							]
						},
						"useCollisionPoly": true,
						"duration": 1
					},
					{
						"width": 64,
						"height": 64,
						"originX": 0.5,
						"originY": 0.5,
						"originalSource": "",
						"exportFormat": "png",
						"exportQuality": 0.8,
						"imageSpriteId": 1219165,
						"collisionPoly": {
							"points": [
								0.328125,
								0.328125,
								0.5,
								0.3125,
								0.59375,
								0.390625,
								0.546875,
								0.5,
								0.53125,
								0.53125,
								0.5,
								0.5625,
								0.40625,
								0.578125,
								0.296875,
								0.5
							]
						},
						"useCollisionPoly": true,
						"duration": 1
					},
					{
						"width": 64,
						"height": 64,
						"originX": 0.5,
						"originY": 0.5,
						"originalSource": "",
						"exportFormat": "png",
						"exportQuality": 0.8,
						"imageSpriteId": 4172503,
						"collisionPoly": {
							"points": [
								0.421875,
								0.421875,
								0.5,
								0.34375,
								0.59375,
								0.390625,
								0.671875,
								0.5,
								0.59375,
								0.59375,
								0.5,
								0.578125,
								0.421875,
								0.5625,
								0.453125,
								0.5
							]
						},
						"useCollisionPoly": true,
						"duration": 1
					},
					{
						"width": 64,
						"height": 64,
						"originX": 0.5,
						"originY": 0.5,
						"originalSource": "",
						"exportFormat": "png",
						"exportQuality": 0.8,
						"imageSpriteId": 9580175,
						"collisionPoly": {
							"points": [
								0.421875,
								0.421875,
								0.5,
								0.34375,
								0.5625,
								0.421875,
								0.671875,
								0.5,
								0.59375,
								0.59375,
								0.5,
								0.578125,
								0.421875,
								0.5625,
								0.453125,
								0.5
							]
						},
						"useCollisionPoly": true,
						"duration": 1
					},
					{
						"width": 64,
						"height": 64,
						"originX": 0.5,
						"originY": 0.5,
						"originalSource": "",
						"exportFormat": "png",
						"exportQuality": 0.8,
						"imageSpriteId": 2777267,
						"collisionPoly": {
							"points": [
								0.421875,
								0.421875,
								0.5,
								0.3125,
								0.5625,
								0.421875,
								0.546875,
								0.5,
								0.59375,
								0.59375,
								0.5,
								0.5625,
								0.421875,
								0.5625,
								0.46875,
								0.5
							]
						},
						"useCollisionPoly": true,
						"duration": 1
					},
					{
						"width": 64,
						"height": 64,
						"originX": 0.5,
						"originY": 0.5,
						"originalSource": "",
						"exportFormat": "png",
						"exportQuality": 0.8,
						"imageSpriteId": 2748186,
						"collisionPoly": {
							"points": [
								0.375,
								0.375,
								0.5,
								0.3125,
								0.609375,
								0.375,
								0.5625,
								0.5,
								0.59375,
								0.59375,
								0.5,
								0.5625,
								0.421875,
								0.5625,
								0.390625,
								0.5
							]
						},
						"useCollisionPoly": true,
						"duration": 1
					},
					{
						"width": 64,
						"height": 64,
						"originX": 0.5,
						"originY": 0.5,
						"originalSource": "",
						"exportFormat": "png",
						"exportQuality": 0.8,
						"imageSpriteId": 8839362,
						"collisionPoly": {
							"points": [
								0.359375,
								0.359375,
								0.5,
								0.3125,
								0.546875,
								0.4375,
								0.53125,
								0.5,
								0.546875,
								0.546875,
								0.5,
								0.578125,
								0.421875,
								0.5625,
								0.359375,
								0.5
							]
						},
						"useCollisionPoly": true,
						"duration": 1
					}
				],
				"sid": 202841267916491,
				"name": "jump",
				"isLooping": true,
				"isPingPong": false,
				"repeatCount": 1,
				"repeatTo": 0,
				"speed": 5
			},
			{
				"frames": [
					{
						"width": 64,
						"height": 64,
						"originX": 0.5,
						"originY": 0.5,
						"originalSource": "",
						"exportFormat": "png",
						"exportQuality": 0.8,
						"imageSpriteId": 7751799,
						"collisionPoly": {
							"points": [
								0.359375,
								0.359375,
								0.5,
								0.3125,
								0.546875,
								0.4375,
								0.53125,
								0.5,
								0.546875,
								0.546875,
								0.5,
								0.578125,
								0.421875,
								0.5625,
								0.359375,
								0.5
							]
						},
						"useCollisionPoly": true,
						"duration": 1
					},
					{
						"width": 64,
						"height": 64,
						"originX": 0.5,
						"originY": 0.5,
						"originalSource": "",
						"exportFormat": "png",
						"exportQuality": 0.8,
						"imageSpriteId": 1997129,
						"collisionPoly": {
							"points": [
								0.421875,
								0.421875,
								0.5,
								0.34375,
								0.5625,
								0.421875,
								0.546875,
								0.5,
								0.578125,
								0.578125,
								0.5,
								0.578125,
								0.421875,
								0.5625,
								0.40625,
								0.5
							]
						},
						"useCollisionPoly": true,
						"duration": 1
					},
					{
						"width": 64,
						"height": 64,
						"originX": 0.5,
						"originY": 0.5,
						"originalSource": "",
						"exportFormat": "png",
						"exportQuality": 0.8,
						"imageSpriteId": 4934324,
						"collisionPoly": {
							"points": [
								0.375,
								0.375,
								0.5,
								0.359375,
								0.546875,
								0.4375,
								0.546875,
								0.5,
								0.578125,
								0.578125,
								0.5,
								0.578125,
								0.421875,
								0.5625,
								0.40625,
								0.5
							]
						},
						"useCollisionPoly": true,
						"duration": 1
					},
					{
						"width": 64,
						"height": 64,
						"originX": 0.5,
						"originY": 0.5,
						"originalSource": "",
						"exportFormat": "png",
						"exportQuality": 0.8,
						"imageSpriteId": 8745489,
						"collisionPoly": {
							"points": [
								0.375,
								0.375,
								0.5,
								0.390625,
								0.53125,
								0.453125,
								0.53125,
								0.5,
								0.578125,
								0.578125,
								0.5,
								0.578125,
								0.40625,
								0.578125,
								0.40625,
								0.5
							]
						},
						"useCollisionPoly": true,
						"duration": 1
					},
					{
						"width": 64,
						"height": 64,
						"originX": 0.5,
						"originY": 0.5,
						"originalSource": "",
						"exportFormat": "png",
						"exportQuality": 0.8,
						"imageSpriteId": 9543666,
						"collisionPoly": {
							"points": [
								0.375,
								0.375,
								0.5,
								0.359375,
								0.546875,
								0.4375,
								0.546875,
								0.5,
								0.578125,
								0.578125,
								0.5,
								0.578125,
								0.421875,
								0.5625,
								0.40625,
								0.5
							]
						},
						"useCollisionPoly": true,
						"duration": 1
					},
					{
						"width": 64,
						"height": 64,
						"originX": 0.5,
						"originY": 0.5,
						"originalSource": "",
						"exportFormat": "png",
						"exportQuality": 0.8,
						"imageSpriteId": 5770258,
						"collisionPoly": {
							"points": [
								0.375,
								0.375,
								0.5,
								0.3125,
								0.5625,
								0.421875,
								0.53125,
								0.5,
								0.578125,
								0.578125,
								0.5,
								0.578125,
								0.421875,
								0.5625,
								0.390625,
								0.5
							]
						},
						"useCollisionPoly": true,
						"duration": 1
					},
					{
						"width": 64,
						"height": 64,
						"originX": 0.5,
						"originY": 0.5,
						"originalSource": "",
						"exportFormat": "png",
						"exportQuality": 0.8,
						"imageSpriteId": 8033396,
						"collisionPoly": {
							"points": [
								0.359375,
								0.359375,
								0.5,
								0.3125,
								0.546875,
								0.4375,
								0.53125,
								0.5,
								0.546875,
								0.546875,
								0.5,
								0.578125,
								0.421875,
								0.5625,
								0.359375,
								0.5
							]
						},
						"useCollisionPoly": true,
						"duration": 1
					}
				],
				"sid": 345212761809400,
				"name": "iddle",
				"isLooping": true,
				"isPingPong": false,
				"repeatCount": 1,
				"repeatTo": 0,
				"speed": 5
			}
		],
		"subfolders": []
	}
}