{
	"name": "demonBoss",
	"plugin-id": "Sprite",
	"sid": 723996590936607,
	"isGlobal": false,
	"instanceVariables": [
		{
			"name": "dist",
			"type": "number",
			"desc": "",
			"sid": 418786402264175
		}
	],
	"behaviorTypes": [
		{
			"behaviorId": "LOS",
			"name": "LineOfSight",
			"sid": 164533168274281
		},
		{
			"behaviorId": "Platform",
			"name": "Platform",
			"sid": 178529235845819
		}
	],
	"effectTypes": [],
	"animations": {
		"items": [
			{
				"frames": [
					{
						"width": 288,
						"height": 160,
						"originX": 0.5,
						"originY": 0.5,
						"originalSource": "",
						"exportFormat": "png",
						"exportQuality": 0.8,
						"imageSpriteId": 3414664,
						"collisionPoly": {
							"points": [
								0.4201388888888889,
								0.75625,
								0.5,
								0.55625,
								0.6006944444444444,
								0.7125,
								0.5625,
								0.5,
								0.5,
								0.9625,
								0.3784722222222222,
								0.5
							]
						},
						"useCollisionPoly": true,
						"duration": 1
					},
					{
						"width": 288,
						"height": 160,
						"originX": 0.5,
						"originY": 0.5,
						"originalSource": "",
						"exportFormat": "png",
						"exportQuality": 0.8,
						"imageSpriteId": 5103255,
						"collisionPoly": {
							"points": [
								0.4201388888888889,
								0.75625,
								0.5,
								0.55,
								0.6076388888888888,
								0.7,
								0.5625,
								0.5,
								0.5,
								0.9625,
								0.3784722222222222,
								0.5
							]
						},
						"useCollisionPoly": true,
						"duration": 1
					},
					{
						"width": 288,
						"height": 160,
						"originX": 0.5,
						"originY": 0.5,
						"originalSource": "",
						"exportFormat": "png",
						"exportQuality": 0.8,
						"imageSpriteId": 5681439,
						"collisionPoly": {
							"points": [
								0.4166666666666667,
								0.75,
								0.5,
								0.54375,
								0.6111111111111112,
								0.69375,
								0.5625,
								0.5,
								0.5,
								0.96875,
								0.3784722222222222,
								0.5
							]
						},
						"useCollisionPoly": true,
						"duration": 1
					},
					{
						"width": 288,
						"height": 160,
						"originX": 0.5,
						"originY": 0.5,
						"originalSource": "",
						"exportFormat": "png",
						"exportQuality": 0.8,
						"imageSpriteId": 3599246,
						"collisionPoly": {
							"points": [
								0.4131944444444444,
								0.74375,
								0.5,
								0.53125,
								0.6111111111111112,
								0.69375,
								0.5625,
								0.5,
								0.5,
								0.96875,
								0.3784722222222222,
								0.5
							]
						},
						"useCollisionPoly": true,
						"duration": 1
					},
					{
						"width": 288,
						"height": 160,
						"originX": 0.5,
						"originY": 0.5,
						"originalSource": "",
						"exportFormat": "png",
						"exportQuality": 0.8,
						"imageSpriteId": 1943661,
						"collisionPoly": {
							"points": [
								0.4166666666666667,
								0.75,
								0.5,
								0.54375,
								0.6111111111111112,
								0.69375,
								0.5625,
								0.5,
								0.5,
								0.96875,
								0.3784722222222222,
								0.5
							]
						},
						"useCollisionPoly": true,
						"duration": 1
					},
					{
						"width": 288,
						"height": 160,
						"originX": 0.5,
						"originY": 0.5,
						"originalSource": "",
						"exportFormat": "png",
						"exportQuality": 0.8,
						"imageSpriteId": 6719605,
						"collisionPoly": {
							"points": [
								0.4201388888888889,
								0.75625,
								0.5,
								0.55,
								0.6076388888888888,
								0.7,
								0.5625,
								0.5,
								0.5,
								0.9625,
								0.3784722222222222,
								0.5
							]
						},
						"useCollisionPoly": true,
						"duration": 1
					}
				],
				"sid": 792255137047325,
				"name": "iddle",
				"isLooping": true,
				"isPingPong": false,
				"repeatCount": 1,
				"repeatTo": 0,
				"speed": 5
			},
			{
				"frames": [
					{
						"width": 288,
						"height": 160,
						"originX": 0.5,
						"originY": 0.5,
						"originalSource": "",
						"exportFormat": "png",
						"exportQuality": 0.8,
						"imageSpriteId": 1418735,
						"collisionPoly": {
							"points": [
								0.4340277777777778,
								0.78125,
								0.5,
								0.56875,
								0.5833333333333334,
								0.74375,
								0.5625,
								0.5,
								0.5,
								0.98125,
								0.3784722222222222,
								0.5
							]
						},
						"useCollisionPoly": true,
						"duration": 1
					},
					{
						"width": 288,
						"height": 160,
						"originX": 0.5,
						"originY": 0.5,
						"originalSource": "",
						"exportFormat": "png",
						"exportQuality": 0.8,
						"imageSpriteId": 2667842,
						"collisionPoly": {
							"points": [
								0.4340277777777778,
								0.78125,
								0.5,
								0.56875,
								0.5833333333333334,
								0.74375,
								0.5763888888888888,
								0.5,
								0.5,
								0.98125,
								0.3784722222222222,
								0.5
							]
						},
						"useCollisionPoly": true,
						"duration": 1
					},
					{
						"width": 288,
						"height": 160,
						"originX": 0.5,
						"originY": 0.5,
						"originalSource": "",
						"exportFormat": "png",
						"exportQuality": 0.8,
						"imageSpriteId": 1831323,
						"collisionPoly": {
							"points": [
								0.4340277777777778,
								0.78125,
								0.5,
								0.56875,
								0.5833333333333334,
								0.74375,
								0.5798611111111112,
								0.5,
								0.5,
								0.98125,
								0.3888888888888889,
								0.5
							]
						},
						"useCollisionPoly": true,
						"duration": 1
					},
					{
						"width": 288,
						"height": 160,
						"originX": 0.5,
						"originY": 0.5,
						"originalSource": "",
						"exportFormat": "png",
						"exportQuality": 0.8,
						"imageSpriteId": 8314959,
						"collisionPoly": {
							"points": [
								0.4305555555555556,
								0.775,
								0.5,
								0.58125,
								0.5868055555555556,
								0.7375,
								0.5729166666666666,
								0.5,
								0.5,
								0.95625,
								0.3854166666666667,
								0.5
							]
						},
						"useCollisionPoly": true,
						"duration": 1
					},
					{
						"width": 288,
						"height": 160,
						"originX": 0.5,
						"originY": 0.5,
						"originalSource": "",
						"exportFormat": "png",
						"exportQuality": 0.8,
						"imageSpriteId": 5555414,
						"collisionPoly": {
							"points": [
								0.4201388888888889,
								0.75625,
								0.5,
								0.56875,
								0.59375,
								0.725,
								0.5798611111111112,
								0.5,
								0.5,
								0.95625,
								0.3888888888888889,
								0.5
							]
						},
						"useCollisionPoly": true,
						"duration": 1
					},
					{
						"width": 288,
						"height": 160,
						"originX": 0.5,
						"originY": 0.5,
						"originalSource": "",
						"exportFormat": "png",
						"exportQuality": 0.8,
						"imageSpriteId": 3701556,
						"collisionPoly": {
							"points": [
								0.4236111111111111,
								0.7625,
								0.5,
								0.55625,
								0.6111111111111112,
								0.69375,
								0.5625,
								0.5,
								0.5,
								0.93125,
								0.3784722222222222,
								0.5
							]
						},
						"useCollisionPoly": true,
						"duration": 1
					},
					{
						"width": 288,
						"height": 160,
						"originX": 0.5,
						"originY": 0.5,
						"originalSource": "",
						"exportFormat": "png",
						"exportQuality": 0.8,
						"imageSpriteId": 2585795,
						"collisionPoly": {
							"points": [
								0.4201388888888889,
								0.75625,
								0.5,
								0.56875,
								0.6215277777777778,
								0.675,
								0.5763888888888888,
								0.5,
								0.5,
								0.95,
								0.3784722222222222,
								0.5
							]
						},
						"useCollisionPoly": true,
						"duration": 1
					},
					{
						"width": 288,
						"height": 160,
						"originX": 0.5,
						"originY": 0.5,
						"originalSource": "",
						"exportFormat": "png",
						"exportQuality": 0.8,
						"imageSpriteId": 6279986,
						"collisionPoly": {
							"points": [
								0.4201388888888889,
								0.75625,
								0.5,
								0.56875,
								0.6076388888888888,
								0.7,
								0.5729166666666666,
								0.5,
								0.5,
								0.94375,
								0.3854166666666667,
								0.5
							]
						},
						"useCollisionPoly": true,
						"duration": 1
					},
					{
						"width": 288,
						"height": 160,
						"originX": 0.5,
						"originY": 0.5,
						"originalSource": "",
						"exportFormat": "png",
						"exportQuality": 0.8,
						"imageSpriteId": 2856072,
						"collisionPoly": {
							"points": [
								0.4201388888888889,
								0.75625,
								0.5,
								0.56875,
								0.6076388888888888,
								0.7,
								0.5798611111111112,
								0.5,
								0.5,
								0.94375,
								0.3888888888888889,
								0.5
							]
						},
						"useCollisionPoly": true,
						"duration": 1
					},
					{
						"width": 288,
						"height": 160,
						"originX": 0.5,
						"originY": 0.5,
						"originalSource": "",
						"exportFormat": "png",
						"exportQuality": 0.8,
						"imageSpriteId": 9099442,
						"collisionPoly": {
							"points": [
								0.4236111111111111,
								0.7625,
								0.5,
								0.575,
								0.59375,
								0.725,
								0.5763888888888888,
								0.5,
								0.5,
								0.9875,
								0.3784722222222222,
								0.5
							]
						},
						"useCollisionPoly": true,
						"duration": 1
					}
				],
				"sid": 993303398332983,
				"name": "run",
				"isLooping": true,
				"isPingPong": false,
				"repeatCount": 1,
				"repeatTo": 0,
				"speed": 5
			}
		],
		"subfolders": []
	}
}