{
	"name": "Event sheet 3",
	"events": [
		{
			"eventType": "block",
			"conditions": [
				{
					"id": "on-collision-with-another-object",
					"objectClass": "Hero",
					"sid": 715365583649146,
					"parameters": {
						"object": "buracoNegro"
					}
				}
			],
			"actions": [
				{
					"id": "go-to-nextprevious-layout",
					"objectClass": "System",
					"sid": 695371584249243,
					"parameters": {
						"which": "previous"
					}
				}
			],
			"sid": 817051905840561
		},
		{
			"eventType": "block",
			"conditions": [
				{
					"id": "on-collision-with-another-object",
					"objectClass": "Hero",
					"sid": 522480846799685,
					"parameters": {
						"object": "gate3"
					}
				}
			],
			"actions": [
				{
					"id": "go-to-layout",
					"objectClass": "System",
					"sid": 837164244743510,
					"parameters": {
						"layout": "lvl 3"
					}
				}
			],
			"sid": 339944667475100
		},
		{
			"eventType": "group",
			"disabled": false,
			"title": "Yamamoto2",
			"description": "",
			"isActiveOnStart": true,
			"children": [
				{
					"eventType": "block",
					"conditions": [
						{
							"id": "is-moving",
							"objectClass": "Hero",
							"sid": 275351845541437,
							"behaviorType": "Platform"
						},
						{
							"id": "is-jumping",
							"objectClass": "Hero",
							"sid": 903400676174636,
							"behaviorType": "Platform",
							"isInverted": true
						}
					],
					"actions": [
						{
							"id": "set-animation",
							"objectClass": "Hero",
							"sid": 576608914395297,
							"parameters": {
								"animation": "\"Run\"",
								"from": "beginning"
							}
						}
					],
					"sid": 227888737737769
				},
				{
					"eventType": "block",
					"conditions": [
						{
							"id": "is-moving",
							"objectClass": "Hero",
							"sid": 827900257165357,
							"behaviorType": "Platform",
							"isInverted": true
						}
					],
					"actions": [
						{
							"id": "set-animation",
							"objectClass": "Hero",
							"sid": 145074551813728,
							"parameters": {
								"animation": "\"first\"",
								"from": "beginning"
							}
						}
					],
					"sid": 657292156059267
				},
				{
					"eventType": "block",
					"conditions": [
						{
							"id": "is-jumping",
							"objectClass": "Hero",
							"sid": 881543032362446,
							"behaviorType": "Platform"
						}
					],
					"actions": [
						{
							"id": "set-animation",
							"objectClass": "Hero",
							"sid": 788113775476634,
							"parameters": {
								"animation": "\"Jump\"",
								"from": "beginning"
							}
						}
					],
					"sid": 522081473173194
				},
				{
					"eventType": "block",
					"conditions": [
						{
							"id": "on-key-pressed",
							"objectClass": "Keyboard",
							"sid": 459925646598537,
							"parameters": {
								"key": 37
							}
						}
					],
					"actions": [
						{
							"id": "set-mirrored",
							"objectClass": "Hero",
							"sid": 320617918978896,
							"parameters": {
								"state": "not-mirrored"
							}
						}
					],
					"sid": 661645570836008
				},
				{
					"eventType": "block",
					"conditions": [
						{
							"id": "on-key-pressed",
							"objectClass": "Keyboard",
							"sid": 242948952413319,
							"parameters": {
								"key": 39
							}
						}
					],
					"actions": [
						{
							"id": "set-mirrored",
							"objectClass": "Hero",
							"sid": 834514707141028,
							"parameters": {
								"state": "mirrored"
							}
						}
					],
					"sid": 790673423693292
				},
				{
					"eventType": "block",
					"conditions": [
						{
							"id": "on-start-of-layout",
							"objectClass": "System",
							"sid": 786524550642509
						}
					],
					"actions": [
						{
							"id": "play",
							"objectClass": "Audio",
							"sid": 854701659174282,
							"parameters": {
								"audio-file": "y2meta.com - Cutting on One (128 kbps)",
								"loop": "looping",
								"volume": "0",
								"tag-optional": "\"\""
							}
						}
					],
					"sid": 331045427269841
				}
			],
			"sid": 325262869006713
		}
	],
	"sid": 137646381581206
}