{
	"name": "Event sheet 2",
	"events": [
		{
			"eventType": "block",
			"conditions": [
				{
					"id": "is-touching-object",
					"objectClass": "Touch",
					"sid": 805676238728309,
					"parameters": {
						"object": "resetBottom"
					}
				}
			],
			"actions": [
				{
					"id": "go-to-nextprevious-layout",
					"objectClass": "System",
					"sid": 300172767639919,
					"parameters": {
						"which": "previous"
					}
				}
			],
			"sid": 499368840239137
		}
	],
	"sid": 144818173081028
}