{
	"name": "Event sheet 1",
	"events": [
		{
			"eventType": "group",
			"disabled": false,
			"title": "Yamamoto",
			"description": "",
			"isActiveOnStart": true,
			"children": [
				{
					"eventType": "block",
					"conditions": [
						{
							"id": "is-moving",
							"objectClass": "Hero",
							"sid": 704719818625489,
							"behaviorType": "Platform"
						},
						{
							"id": "is-jumping",
							"objectClass": "Hero",
							"sid": 570806209206344,
							"behaviorType": "Platform",
							"isInverted": true
						}
					],
					"actions": [
						{
							"id": "set-animation",
							"objectClass": "Hero",
							"sid": 748406947964797,
							"parameters": {
								"animation": "\"Run\"",
								"from": "beginning"
							}
						}
					],
					"sid": 583488890797605
				},
				{
					"eventType": "block",
					"conditions": [
						{
							"id": "is-moving",
							"objectClass": "Hero",
							"sid": 147005780863656,
							"behaviorType": "Platform",
							"isInverted": true
						}
					],
					"actions": [
						{
							"id": "set-animation",
							"objectClass": "Hero",
							"sid": 400329443787596,
							"parameters": {
								"animation": "\"first\"",
								"from": "beginning"
							}
						}
					],
					"sid": 543095867339028
				},
				{
					"eventType": "block",
					"conditions": [
						{
							"id": "is-jumping",
							"objectClass": "Hero",
							"sid": 139213253019434,
							"behaviorType": "Platform"
						}
					],
					"actions": [
						{
							"id": "set-animation",
							"objectClass": "Hero",
							"sid": 715087396040353,
							"parameters": {
								"animation": "\"Jump\"",
								"from": "beginning"
							}
						}
					],
					"sid": 146912092286284
				},
				{
					"eventType": "block",
					"conditions": [
						{
							"id": "on-key-pressed",
							"objectClass": "Keyboard",
							"sid": 611041338898707,
							"parameters": {
								"key": 37
							}
						}
					],
					"actions": [
						{
							"id": "set-mirrored",
							"objectClass": "Hero",
							"sid": 440268085494556,
							"parameters": {
								"state": "not-mirrored"
							}
						}
					],
					"sid": 983891140921252
				},
				{
					"eventType": "block",
					"conditions": [
						{
							"id": "on-key-pressed",
							"objectClass": "Keyboard",
							"sid": 702830517668565,
							"parameters": {
								"key": 39
							}
						}
					],
					"actions": [
						{
							"id": "set-mirrored",
							"objectClass": "Hero",
							"sid": 500446274776310,
							"parameters": {
								"state": "mirrored"
							}
						}
					],
					"sid": 542686411576203
				},
				{
					"eventType": "block",
					"conditions": [
						{
							"id": "on-start-of-layout",
							"objectClass": "System",
							"sid": 695570984897267
						}
					],
					"actions": [
						{
							"id": "play",
							"objectClass": "Audio",
							"sid": 370189287962101,
							"parameters": {
								"audio-file": "y2meta.com - Cutting on One (128 kbps)",
								"loop": "looping",
								"volume": "0",
								"tag-optional": "\"\""
							}
						}
					],
					"sid": 466335392167147
				}
			],
			"sid": 955639657671829
		},
		{
			"eventType": "block",
			"conditions": [
				{
					"id": "on-collision-with-another-object",
					"objectClass": "Hero",
					"sid": 386305139072925,
					"parameters": {
						"object": "Sprite"
					}
				}
			],
			"actions": [
				{
					"id": "set-enabled",
					"objectClass": "Hero",
					"sid": 503286389436574,
					"behaviorType": "Platform",
					"parameters": {
						"state": "disabled"
					}
				},
				{
					"id": "go-to-nextprevious-layout",
					"objectClass": "System",
					"sid": 951108041000670,
					"parameters": {
						"which": "next"
					}
				}
			],
			"sid": 548168407985865
		},
		{
			"eventType": "block",
			"conditions": [
				{
					"id": "on-collision-with-another-object",
					"objectClass": "Hero",
					"sid": 644840669844929,
					"parameters": {
						"object": "Sprite2"
					}
				}
			],
			"actions": [
				{
					"id": "set-enabled",
					"objectClass": "Hero",
					"sid": 292195117692400,
					"behaviorType": "Platform",
					"parameters": {
						"state": "disabled"
					}
				},
				{
					"id": "go-to-nextprevious-layout",
					"objectClass": "System",
					"sid": 121595453227839,
					"parameters": {
						"which": "next"
					}
				}
			],
			"sid": 950245949714415
		},
		{
			"eventType": "block",
			"conditions": [
				{
					"id": "on-collision-with-another-object",
					"objectClass": "Hero",
					"sid": 838141041529097,
					"parameters": {
						"object": "gate1"
					}
				}
			],
			"actions": [
				{
					"id": "go-to-layout",
					"objectClass": "System",
					"sid": 746906617113154,
					"parameters": {
						"layout": "lvl 2"
					}
				}
			],
			"sid": 513098174558860
		},
		{
			"eventType": "block",
			"conditions": [
				{
					"id": "every-tick",
					"objectClass": "System",
					"sid": 771836357874189
				}
			],
			"actions": [
				{
					"id": "set-instvar-value",
					"objectClass": "demonBoss",
					"sid": 683739861691336,
					"parameters": {
						"instance-variable": "dist",
						"value": "distance(demonBoss.X,demonBoss.X,Hero.X,Hero.X)"
					}
				}
			],
			"sid": 958354256927513
		},
		{
			"eventType": "block",
			"conditions": [
				{
					"id": "has-los-to-object",
					"objectClass": "demonBoss",
					"sid": 736463258505708,
					"behaviorType": "LineOfSight",
					"parameters": {
						"object": "Hero",
						"image-point": "0"
					}
				},
				{
					"id": "compare-instance-variable",
					"objectClass": "demonBoss",
					"sid": 205702597643082,
					"parameters": {
						"instance-variable": "dist",
						"comparison": 5,
						"value": "200"
					}
				},
				{
					"id": "is-enabled",
					"objectClass": "demonBoss",
					"sid": 762310892390527,
					"behaviorType": "Platform"
				}
			],
			"actions": [
				{
					"id": "set-animation",
					"objectClass": "demonBoss",
					"sid": 822096305473345,
					"parameters": {
						"animation": "\"run\"",
						"from": "beginning"
					}
				}
			],
			"sid": 737106282340107
		},
		{
			"eventType": "block",
			"conditions": [
				{
					"id": "compare-x",
					"objectClass": "demonBoss",
					"sid": 551598665584186,
					"parameters": {
						"comparison": 4,
						"x-co-ordinate": "Hero.X"
					}
				}
			],
			"actions": [
				{
					"id": "simulate-control",
					"objectClass": "demonBoss",
					"sid": 962640223255633,
					"behaviorType": "Platform",
					"parameters": {
						"control": "left"
					}
				},
				{
					"id": "set-mirrored",
					"objectClass": "demonBoss",
					"sid": 205205077779564,
					"parameters": {
						"state": "not-mirrored"
					}
				},
				{
					"id": "set-animation",
					"objectClass": "demonBoss",
					"sid": 482532722558115,
					"parameters": {
						"animation": "\"run\"",
						"from": "beginning"
					}
				}
			],
			"sid": 537890278631088
		},
		{
			"eventType": "block",
			"conditions": [
				{
					"id": "else",
					"objectClass": "System",
					"sid": 393497499190085
				}
			],
			"actions": [
				{
					"id": "simulate-control",
					"objectClass": "demonBoss",
					"sid": 447176828864606,
					"behaviorType": "Platform",
					"parameters": {
						"control": "right"
					}
				},
				{
					"id": "set-mirrored",
					"objectClass": "demonBoss",
					"sid": 281324084897349,
					"parameters": {
						"state": "mirrored"
					}
				}
			],
			"sid": 729285274742540
		},
		{
			"eventType": "block",
			"conditions": [
				{
					"id": "on-collision-with-another-object",
					"objectClass": "demonBoss",
					"sid": 909776934120780,
					"parameters": {
						"object": "Hero"
					}
				}
			],
			"actions": [
				{
					"id": "go-to-layout",
					"objectClass": "System",
					"sid": 847375116315178,
					"parameters": {
						"layout": "gameover"
					}
				}
			],
			"sid": 280465052023730
		},
		{
			"eventType": "block",
			"conditions": [
				{
					"id": "on-collision-with-another-object",
					"objectClass": "Hero",
					"sid": 412948070792863,
					"parameters": {
						"object": "Sprite17"
					}
				}
			],
			"actions": [
				{
					"id": "destroy",
					"objectClass": "demonBoss",
					"sid": 892231715086328
				},
				{
					"id": "destroy",
					"objectClass": "Sprite17",
					"sid": 317767253201636
				}
			],
			"sid": 952619135211160
		}
	],
	"sid": 762222919458127
}