{
	"name": "Event sheet 4",
	"events": [
		{
			"eventType": "group",
			"disabled": false,
			"title": "Yamamoto3",
			"description": "",
			"isActiveOnStart": true,
			"children": [
				{
					"eventType": "block",
					"conditions": [
						{
							"id": "is-moving",
							"objectClass": "Hero",
							"sid": 525024614091959,
							"behaviorType": "Platform"
						},
						{
							"id": "is-jumping",
							"objectClass": "Hero",
							"sid": 978511167537397,
							"behaviorType": "Platform",
							"isInverted": true
						}
					],
					"actions": [
						{
							"id": "set-animation",
							"objectClass": "Hero",
							"sid": 966215902496637,
							"parameters": {
								"animation": "\"Run\"",
								"from": "beginning"
							}
						}
					],
					"sid": 641642573320707
				},
				{
					"eventType": "block",
					"conditions": [
						{
							"id": "is-moving",
							"objectClass": "Hero",
							"sid": 622090069272519,
							"behaviorType": "Platform",
							"isInverted": true
						}
					],
					"actions": [
						{
							"id": "set-animation",
							"objectClass": "Hero",
							"sid": 590106222342032,
							"parameters": {
								"animation": "\"first\"",
								"from": "beginning"
							}
						}
					],
					"sid": 624418939451886
				},
				{
					"eventType": "block",
					"conditions": [
						{
							"id": "is-jumping",
							"objectClass": "Hero",
							"sid": 747344604366813,
							"behaviorType": "Platform"
						}
					],
					"actions": [
						{
							"id": "set-animation",
							"objectClass": "Hero",
							"sid": 216833787841792,
							"parameters": {
								"animation": "\"Jump\"",
								"from": "beginning"
							}
						}
					],
					"sid": 297335330734968
				},
				{
					"eventType": "block",
					"conditions": [
						{
							"id": "on-key-pressed",
							"objectClass": "Keyboard",
							"sid": 462182006152332,
							"parameters": {
								"key": 37
							}
						}
					],
					"actions": [
						{
							"id": "set-mirrored",
							"objectClass": "Hero",
							"sid": 228698429192748,
							"parameters": {
								"state": "not-mirrored"
							}
						}
					],
					"sid": 994362357137796
				},
				{
					"eventType": "block",
					"conditions": [
						{
							"id": "on-key-pressed",
							"objectClass": "Keyboard",
							"sid": 339163667505287,
							"parameters": {
								"key": 39
							}
						}
					],
					"actions": [
						{
							"id": "set-mirrored",
							"objectClass": "Hero",
							"sid": 184700505843208,
							"parameters": {
								"state": "mirrored"
							}
						}
					],
					"sid": 316661092703120
				},
				{
					"eventType": "block",
					"conditions": [
						{
							"id": "on-start-of-layout",
							"objectClass": "System",
							"sid": 601456301388026
						}
					],
					"actions": [
						{
							"id": "play",
							"objectClass": "Audio",
							"sid": 262054157086077,
							"parameters": {
								"audio-file": "y2meta.com - Cutting on One (128 kbps)",
								"loop": "looping",
								"volume": "0",
								"tag-optional": "\"\""
							}
						}
					],
					"sid": 579072888632463
				}
			],
			"sid": 142050939034172
		},
		{
			"eventType": "block",
			"conditions": [
				{
					"id": "every-tick",
					"objectClass": "System",
					"sid": 763279950594547
				}
			],
			"actions": [
				{
					"id": "set-instvar-value",
					"objectClass": "boss",
					"sid": 535874987700560,
					"parameters": {
						"instance-variable": "dist",
						"value": "distance(boss.X,boss.X,Hero.X,Hero.X)"
					}
				}
			],
			"sid": 218257291087726
		},
		{
			"eventType": "block",
			"conditions": [
				{
					"id": "has-los-to-object",
					"objectClass": "boss",
					"sid": 671100451185575,
					"behaviorType": "LineOfSight",
					"parameters": {
						"object": "Hero",
						"image-point": "0"
					}
				},
				{
					"id": "compare-instance-variable",
					"objectClass": "boss",
					"sid": 275750133864499,
					"parameters": {
						"instance-variable": "dist",
						"comparison": 5,
						"value": "200"
					}
				},
				{
					"id": "is-enabled",
					"objectClass": "boss",
					"sid": 130413829550586,
					"behaviorType": "Platform"
				}
			],
			"actions": [
				{
					"id": "set-animation",
					"objectClass": "boss",
					"sid": 409504365177120,
					"parameters": {
						"animation": "\"run\"",
						"from": "beginning"
					}
				}
			],
			"sid": 264622591845067
		},
		{
			"eventType": "block",
			"conditions": [
				{
					"id": "compare-x",
					"objectClass": "boss",
					"sid": 710284891579851,
					"parameters": {
						"comparison": 4,
						"x-co-ordinate": "Hero.X"
					}
				}
			],
			"actions": [
				{
					"id": "simulate-control",
					"objectClass": "boss",
					"sid": 235705996438660,
					"behaviorType": "Platform",
					"parameters": {
						"control": "left"
					}
				},
				{
					"id": "set-mirrored",
					"objectClass": "boss",
					"sid": 216086931321610,
					"parameters": {
						"state": "not-mirrored"
					}
				},
				{
					"id": "set-animation",
					"objectClass": "boss",
					"sid": 474329536521354,
					"parameters": {
						"animation": "\"run\"",
						"from": "beginning"
					}
				}
			],
			"sid": 841307291567871
		},
		{
			"eventType": "block",
			"conditions": [
				{
					"id": "else",
					"objectClass": "System",
					"sid": 182536999355239
				}
			],
			"actions": [
				{
					"id": "simulate-control",
					"objectClass": "boss",
					"sid": 511404041620073,
					"behaviorType": "Platform",
					"parameters": {
						"control": "right"
					}
				},
				{
					"id": "set-mirrored",
					"objectClass": "boss",
					"sid": 759482849730156,
					"parameters": {
						"state": "mirrored"
					}
				},
				{
					"id": "set-animation",
					"objectClass": "boss",
					"sid": 736170718525715,
					"parameters": {
						"animation": "\"run\"",
						"from": "beginning"
					}
				}
			],
			"sid": 889733065184326
		},
		{
			"eventType": "block",
			"conditions": [
				{
					"id": "has-los-to-object",
					"objectClass": "boss",
					"sid": 971472115807791,
					"behaviorType": "LineOfSight",
					"parameters": {
						"object": "Hero",
						"image-point": "0"
					}
				},
				{
					"id": "is-boolean-instance-variable-set",
					"objectClass": "boss",
					"sid": 241160156986219,
					"parameters": {
						"instance-variable": "active"
					},
					"isInverted": true
				}
			],
			"actions": [
				{
					"id": "set-boolean-instvar",
					"objectClass": "boss",
					"sid": 134073859550713,
					"parameters": {
						"instance-variable": "active",
						"value": "true"
					}
				}
			],
			"sid": 951488735201473
		},
		{
			"eventType": "block",
			"conditions": [
				{
					"id": "on-collision-with-another-object",
					"objectClass": "boss",
					"sid": 518962184863216,
					"parameters": {
						"object": "Hero"
					}
				}
			],
			"actions": [
				{
					"id": "go-to-layout",
					"objectClass": "System",
					"sid": 494708907122294,
					"parameters": {
						"layout": "gameover"
					}
				}
			],
			"sid": 743574292887243
		},
		{
			"eventType": "block",
			"conditions": [
				{
					"id": "on-collision-with-another-object",
					"objectClass": "Hero",
					"sid": 404174876147404,
					"parameters": {
						"object": "Sprite10"
					}
				}
			],
			"actions": [
				{
					"id": "destroy",
					"objectClass": "boss",
					"sid": 954190560086656
				},
				{
					"id": "destroy",
					"objectClass": "Sprite10",
					"sid": 321290896509540
				}
			],
			"sid": 937615842917572
		}
	],
	"sid": 205293011338092
}