{
	"name": "gate3",
	"plugin-id": "Sprite",
	"sid": 934149144126954,
	"isGlobal": false,
	"instanceVariables": [],
	"behaviorTypes": [
		{
			"behaviorId": "solid",
			"name": "Solid",
			"sid": 760550723744218
		}
	],
	"effectTypes": [],
	"animations": {
		"items": [
			{
				"frames": [
					{
						"width": 626,
						"height": 626,
						"originX": 0.5,
						"originY": 0.5,
						"originalSource": "",
						"exportFormat": "png",
						"exportQuality": 0.8,
						"imageSpriteId": 2746597,
						"collisionPoly": {
							"points": [
								0,
								0,
								0.5,
								0,
								0.9984025559105432,
								0,
								0.9984025559105432,
								0.5,
								0.9984025559105432,
								0.9984025559105432,
								0.5,
								0.9984025559105432,
								0,
								0.9984025559105432,
								0,
								0.5
							]
						},
						"useCollisionPoly": true,
						"duration": 1
					}
				],
				"sid": 584628480862313,
				"name": "Animation 1",
				"isLooping": false,
				"isPingPong": false,
				"repeatCount": 1,
				"repeatTo": 0,
				"speed": 5
			}
		],
		"subfolders": []
	}
}