{
	"name": "Hero",
	"plugin-id": "Sprite",
	"sid": 783310269056549,
	"isGlobal": false,
	"instanceVariables": [],
	"behaviorTypes": [
		{
			"behaviorId": "Platform",
			"name": "Platform",
			"sid": 229181599511815
		},
		{
			"behaviorId": "scrollto",
			"name": "ScrollTo",
			"sid": 283201550830712
		}
	],
	"effectTypes": [],
	"animations": {
		"items": [
			{
				"frames": [
					{
						"width": 64,
						"height": 64,
						"originX": 0.5,
						"originY": 0.5,
						"originalSource": "",
						"exportFormat": "png",
						"exportQuality": 0.8,
						"imageSpriteId": 8798493,
						"collisionPoly": {
							"points": [
								0.4249999523162842,
								0.4031250476837158,
								0.5,
								0.328125,
								0.546875,
								0.4375,
								0.546875,
								0.5,
								0.5625,
								0.5625,
								0.5,
								0.59375,
								0.421875,
								0.5625,
								0.359375,
								0.5
							]
						},
						"useCollisionPoly": true,
						"duration": 1
					}
				],
				"sid": 423396601224912,
				"name": "First",
				"isLooping": true,
				"isPingPong": false,
				"repeatCount": 1,
				"repeatTo": 0,
				"speed": 5
			},
			{
				"frames": [
					{
						"width": 64,
						"height": 64,
						"originX": 0.5,
						"originY": 0.5,
						"originalSource": "",
						"exportFormat": "png",
						"exportQuality": 0.8,
						"imageSpriteId": 5971592,
						"collisionPoly": {
							"points": [
								0.359375,
								0.359375,
								0.5,
								0.3125,
								0.546875,
								0.4375,
								0.53125,
								0.5,
								0.546875,
								0.546875,
								0.5,
								0.578125,
								0.421875,
								0.5625,
								0.359375,
								0.5
							]
						},
						"useCollisionPoly": true,
						"duration": 1
					},
					{
						"width": 64,
						"height": 64,
						"originX": 0.5,
						"originY": 0.5,
						"originalSource": "",
						"exportFormat": "png",
						"exportQuality": 0.8,
						"imageSpriteId": 5570212,
						"collisionPoly": {
							"points": [
								0.4375,
								0.4375,
								0.5,
								0.3125,
								0.65625,
								0.328125,
								0.578125,
								0.5,
								0.578125,
								0.578125,
								0.5,
								0.5625,
								0.421875,
								0.5625,
								0.4375,
								0.5
							]
						},
						"useCollisionPoly": true,
						"duration": 1
					},
					{
						"width": 64,
						"height": 64,
						"originX": 0.5,
						"originY": 0.5,
						"originalSource": "",
						"exportFormat": "png",
						"exportQuality": 0.8,
						"imageSpriteId": 9942278,
						"collisionPoly": {
							"points": [
								0.421875,
								0.421875,
								0.5,
								0.296875,
								0.640625,
								0.34375,
								0.609375,
								0.5,
								0.578125,
								0.578125,
								0.5,
								0.5625,
								0.421875,
								0.5625,
								0.421875,
								0.5
							]
						},
						"useCollisionPoly": true,
						"duration": 1
					},
					{
						"width": 64,
						"height": 64,
						"originX": 0.5,
						"originY": 0.5,
						"originalSource": "",
						"exportFormat": "png",
						"exportQuality": 0.8,
						"imageSpriteId": 911359,
						"collisionPoly": {
							"points": [
								0.484375,
								0.44062507152557373,
								0.5187499523162842,
								0.36250007152557373,
								0.5499999523162842,
								0.4343750476837158,
								0.5625,
								0.5,
								0.59375,
								0.59375,
								0.5,
								0.59375,
								0.390625,
								0.59375,
								0.42187511920928955,
								0.5406249761581421
							]
						},
						"useCollisionPoly": true,
						"duration": 1
					},
					{
						"width": 64,
						"height": 64,
						"originX": 0.5,
						"originY": 0.5,
						"originalSource": "",
						"exportFormat": "png",
						"exportQuality": 0.8,
						"imageSpriteId": 9689142,
						"collisionPoly": {
							"points": [
								0.453125,
								0.453125,
								0.5,
								0.359375,
								0.546875,
								0.4375,
								0.5625,
								0.5,
								0.59375,
								0.59375,
								0.5,
								0.59375,
								0.390625,
								0.59375,
								0.4187500476837158,
								0.5531249046325684
							]
						},
						"useCollisionPoly": true,
						"duration": 1
					},
					{
						"width": 64,
						"height": 64,
						"originX": 0.5,
						"originY": 0.5,
						"originalSource": "",
						"exportFormat": "png",
						"exportQuality": 0.8,
						"imageSpriteId": 1035110,
						"collisionPoly": {
							"points": [
								0.453125,
								0.453125,
								0.5,
								0.359375,
								0.546875,
								0.4375,
								0.5625,
								0.5,
								0.59375,
								0.59375,
								0.5,
								0.59375,
								0.390625,
								0.59375,
								0.421875,
								0.5
							]
						},
						"useCollisionPoly": true,
						"duration": 1
					},
					{
						"width": 64,
						"height": 64,
						"originX": 0.5,
						"originY": 0.5,
						"originalSource": "",
						"exportFormat": "png",
						"exportQuality": 0.8,
						"imageSpriteId": 1892800,
						"collisionPoly": {
							"points": [
								0.4375,
								0.4375,
								0.5,
								0.34375,
								0.546875,
								0.4375,
								0.5625,
								0.5,
								0.59375,
								0.59375,
								0.5,
								0.5625,
								0.421875,
								0.5625,
								0.43437492847442627,
								0.47187507152557373
							]
						},
						"useCollisionPoly": true,
						"duration": 1
					},
					{
						"width": 64,
						"height": 64,
						"originX": 0.5,
						"originY": 0.5,
						"originalSource": "",
						"exportFormat": "png",
						"exportQuality": 0.8,
						"imageSpriteId": 288201,
						"collisionPoly": {
							"points": [
								0.421875,
								0.421875,
								0.5,
								0.328125,
								0.546875,
								0.4375,
								0.53125,
								0.5,
								0.578125,
								0.578125,
								0.5,
								0.5625,
								0.421875,
								0.5625,
								0.359375,
								0.5
							]
						},
						"useCollisionPoly": true,
						"duration": 1
					},
					{
						"width": 64,
						"height": 64,
						"originX": 0.5,
						"originY": 0.5,
						"originalSource": "",
						"exportFormat": "png",
						"exportQuality": 0.8,
						"imageSpriteId": 8287549,
						"collisionPoly": {
							"points": [
								0.359375,
								0.359375,
								0.5,
								0.3125,
								0.546875,
								0.4375,
								0.53125,
								0.5,
								0.546875,
								0.546875,
								0.5,
								0.578125,
								0.421875,
								0.5625,
								0.359375,
								0.5
							]
						},
						"useCollisionPoly": true,
						"duration": 1
					}
				],
				"sid": 827257872863012,
				"name": "Attack",
				"isLooping": true,
				"isPingPong": false,
				"repeatCount": 1,
				"repeatTo": 0,
				"speed": 10
			},
			{
				"frames": [
					{
						"width": 64,
						"height": 64,
						"originX": 0.5,
						"originY": 0.5,
						"originalSource": "",
						"exportFormat": "png",
						"exportQuality": 0.8,
						"imageSpriteId": 5344415,
						"collisionPoly": {
							"points": [
								0.4093749523162842,
								0.40625,
								0.5,
								0.3125,
								0.609375,
								0.375,
								0.5625,
								0.5,
								0.53125,
								0.53125,
								0.5,
								0.578125,
								0.421875,
								0.5625,
								0.328125,
								0.5
							]
						},
						"useCollisionPoly": true,
						"duration": 1
					},
					{
						"width": 64,
						"height": 64,
						"originX": 0.5,
						"originY": 0.5,
						"originalSource": "",
						"exportFormat": "png",
						"exportQuality": 0.8,
						"imageSpriteId": 4053374,
						"collisionPoly": {
							"points": [
								0.3781251907348633,
								0.4249999523162842,
								0.5,
								0.3125,
								0.59375,
								0.390625,
								0.546875,
								0.5,
								0.53125,
								0.53125,
								0.5,
								0.5625,
								0.40625,
								0.578125,
								0.296875,
								0.5
							]
						},
						"useCollisionPoly": true,
						"duration": 1
					},
					{
						"width": 64,
						"height": 64,
						"originX": 0.5,
						"originY": 0.5,
						"originalSource": "",
						"exportFormat": "png",
						"exportQuality": 0.8,
						"imageSpriteId": 7982786,
						"collisionPoly": {
							"points": [
								0.359375,
								0.359375,
								0.5,
								0.3125,
								0.546875,
								0.4375,
								0.53125,
								0.5,
								0.546875,
								0.546875,
								0.5,
								0.578125,
								0.421875,
								0.5625,
								0.359375,
								0.5
							]
						},
						"useCollisionPoly": true,
						"duration": 1
					}
				],
				"sid": 782683085047832,
				"name": "Jump",
				"isLooping": true,
				"isPingPong": false,
				"repeatCount": 1,
				"repeatTo": 0,
				"speed": 5
			},
			{
				"frames": [
					{
						"width": 64,
						"height": 64,
						"originX": 0.5,
						"originY": 0.5,
						"originalSource": "",
						"exportFormat": "png",
						"exportQuality": 0.8,
						"imageSpriteId": 8531711,
						"collisionPoly": {
							"points": [
								0.39687514305114746,
								0.40312492847442627,
								0.5,
								0.3125,
								0.546875,
								0.4375,
								0.53125,
								0.5,
								0.546875,
								0.546875,
								0.5,
								0.578125,
								0.421875,
								0.5625,
								0.359375,
								0.5
							]
						},
						"useCollisionPoly": true,
						"duration": 1
					},
					{
						"width": 64,
						"height": 64,
						"originX": 0.5,
						"originY": 0.5,
						"originalSource": "",
						"exportFormat": "png",
						"exportQuality": 0.8,
						"imageSpriteId": 4745131,
						"collisionPoly": {
							"points": [
								0.43124985694885254,
								0.4156249761581421,
								0.5,
								0.296875,
								0.5625,
								0.421875,
								0.59375,
								0.5,
								0.578125,
								0.578125,
								0.5,
								0.609375,
								0.453125,
								0.53125,
								0.375,
								0.5
							]
						},
						"useCollisionPoly": true,
						"duration": 1
					},
					{
						"width": 64,
						"height": 64,
						"originX": 0.5,
						"originY": 0.5,
						"originalSource": "",
						"exportFormat": "png",
						"exportQuality": 0.8,
						"imageSpriteId": 7050731,
						"collisionPoly": {
							"points": [
								0.42812490463256836,
								0.4156249761581421,
								0.5,
								0.296875,
								0.546875,
								0.4375,
								0.578125,
								0.5,
								0.546875,
								0.546875,
								0.5,
								0.609375,
								0.4375,
								0.546875,
								0.359375,
								0.5
							]
						},
						"useCollisionPoly": true,
						"duration": 1
					}
				],
				"sid": 892461151314509,
				"name": "Run",
				"isLooping": true,
				"isPingPong": false,
				"repeatCount": 1,
				"repeatTo": 0,
				"speed": 5
			}
		],
		"subfolders": []
	}
}