{
	"name": "platform1",
	"plugin-id": "Sprite",
	"sid": 187152676744666,
	"isGlobal": false,
	"instanceVariables": [],
	"behaviorTypes": [
		{
			"behaviorId": "Sin",
			"name": "Sine",
			"sid": 532810288933783
		},
		{
			"behaviorId": "jumpthru",
			"name": "Jumpthru",
			"sid": 782252557840449
		}
	],
	"effectTypes": [],
	"animations": {
		"items": [
			{
				"frames": [
					{
						"width": 62,
						"height": 31,
						"originX": -0.7741935483870968,
						"originY": 5.6,
						"originalSource": "",
						"exportFormat": "png",
						"exportQuality": 0.8,
						"imageSpriteId": 2248769,
						"collisionPoly": {
							"points": [
								0,
								0,
								0,
								0,
								1,
								0,
								1,
								1,
								1,
								1,
								0,
								1,
								0,
								1,
								0,
								1
							]
						},
						"useCollisionPoly": true,
						"duration": 1
					}
				],
				"sid": 508388585494432,
				"name": "Animation 1",
				"isLooping": false,
				"isPingPong": false,
				"repeatCount": 1,
				"repeatTo": 0,
				"speed": 5
			}
		],
		"subfolders": []
	}
}