{
	"name": "platform2",
	"plugin-id": "Sprite",
	"sid": 591028210935813,
	"isGlobal": false,
	"instanceVariables": [],
	"behaviorTypes": [
		{
			"behaviorId": "Sin",
			"name": "Sine",
			"sid": 796727656987048
		},
		{
			"behaviorId": "solid",
			"name": "Solid",
			"sid": 994497587446975
		}
	],
	"effectTypes": [],
	"animations": {
		"items": [
			{
				"frames": [
					{
						"width": 62,
						"height": 31,
						"originX": -0.7741935483870968,
						"originY": 5.6,
						"originalSource": "",
						"exportFormat": "png",
						"exportQuality": 0.8,
						"imageSpriteId": 9053020,
						"collisionPoly": {
							"points": [
								0,
								0,
								0,
								0,
								1,
								0,
								1,
								1,
								1,
								1,
								0,
								1,
								0,
								1,
								0,
								1
							]
						},
						"useCollisionPoly": true,
						"duration": 1
					}
				],
				"sid": 919630499595057,
				"name": "Animation 1",
				"isLooping": false,
				"isPingPong": false,
				"repeatCount": 1,
				"repeatTo": 0,
				"speed": 5
			}
		],
		"subfolders": []
	}
}