{"propertiesBar":{"properties":[{"name":"About","expanded":false,"children":[]},{"name":"Colors","expanded":false,"children":[]},{"name":"Startup","expanded":true,"children":[]},{"name":"Display","expanded":true,"children":[{"name":"Viewport size","expanded":false,"children":[]}]},{"name":"Advanced","expanded":false,"children":[]},{"name":"Editor","expanded":true,"children":[]}],"scrollPosition":0},"openTabs":{"active":{"name":"lvl 3","type":"layout"},"open":[{"name":"lvl 1","type":"layout"},{"name":"Event sheet 1","type":"eventSheet"},{"name":"Event sheet 4","type":"eventSheet"},{"name":"lvl 3","type":"layout"}]},"previewEffects":true,"previewBrowser":"default","pauseOnUnfocus":false,"projectBar":{"name":"<root>","children":[{"name":"Ashes of Yamato","expanded":true,"children":[{"name":"Layouts","expanded":true,"children":[{"name":"lvl 1","expanded":true,"children":[]},{"name":"gameover","expanded":true,"children":[]},{"name":"lvl 2","expanded":true,"children":[]},{"name":"lvl 3","expanded":true,"children":[]}]},{"name":"Event sheets","expanded":true,"children":[{"name":"Event sheet 1","expanded":true,"children":[]},{"name":"Event sheet 2","expanded":true,"children":[]},{"name":"Event sheet 3","expanded":true,"children":[]},{"name":"Event sheet 4","expanded":true,"children":[]},{"name":"global variables","expanded":true,"children":[]}]},{"name":"Scripts","expanded":true,"children":[]},{"name":"Object types","expanded":true,"children":[{"name":"9patch","expanded":true,"children":[]},{"name":"attacks","expanded":true,"children":[]},{"name":"Audio","expanded":true,"children":[]},{"name":"background","expanded":true,"children":[]},{"name":"boss","expanded":true,"children":[]},{"name":"buracoNegro","expanded":true,"children":[]},{"name":"demonBoss","expanded":true,"children":[]},{"name":"gameover","expanded":true,"children":[]},{"name":"gate1","expanded":true,"children":[]},{"name":"gate2","expanded":true,"children":[]},{"name":"gate3","expanded":true,"children":[]},{"name":"Hero","expanded":true,"children":[]},{"name":"Keyboard","expanded":true,"children":[]},{"name":"platform1","expanded":true,"children":[]},{"name":"platform2","expanded":true,"children":[]},{"name":"platform3","expanded":true,"children":[]},{"name":"platform4","expanded":true,"children":[]},{"name":"platform5","expanded":true,"children":[]},{"name":"platform6","expanded":true,"children":[]},{"name":"platform7","expanded":true,"children":[]},{"name":"platform8","expanded":true,"children":[]},{"name":"platform9","expanded":true,"children":[]},{"name":"resetBottom","expanded":true,"children":[]},{"name":"restart","expanded":true,"children":[]},{"name":"Sprite","expanded":true,"children":[]},{"name":"Sprite10","expanded":true,"children":[]},{"name":"Sprite11","expanded":true,"children":[]},{"name":"Sprite12","expanded":true,"children":[]},{"name":"Sprite13","expanded":true,"children":[]},{"name":"Sprite14","expanded":true,"children":[]},{"name":"Sprite15","expanded":true,"children":[]},{"name":"Sprite16","expanded":true,"children":[]},{"name":"Sprite17","expanded":true,"children":[]},{"name":"Sprite2","expanded":true,"children":[]},{"name":"Sprite3","expanded":true,"children":[]},{"name":"Sprite4","expanded":true,"children":[]},{"name":"Sprite5","expanded":true,"children":[]},{"name":"Sprite6","expanded":true,"children":[]},{"name":"Sprite7","expanded":true,"children":[]},{"name":"Sprite8","expanded":true,"children":[]},{"name":"Sprite9","expanded":true,"children":[]},{"name":"TiledBackground","expanded":true,"children":[]},{"name":"TiledBackground2","expanded":true,"children":[]},{"name":"TiledBackground3","expanded":true,"children":[]},{"name":"TiledBackground4","expanded":true,"children":[]},{"name":"Tilemap","expanded":true,"children":[]},{"name":"Tilemap2","expanded":true,"children":[]},{"name":"Tilemap3","expanded":true,"children":[]},{"name":"Touch","expanded":true,"children":[]}]},{"name":"Families","expanded":true,"children":[]},{"name":"Timelines","expanded":false,"children":[{"name":"Eases","expanded":false,"children":[]},{"name":"Timeline 1","expanded":true,"children":[]}]},{"name":"Sounds","expanded":true,"children":[]},{"name":"Music","expanded":true,"children":[{"name":"y2meta.com - Cutting on One (128 kbps).webm","expanded":true,"children":[]}]},{"name":"Videos","expanded":true,"children":[]},{"name":"Fonts","expanded":true,"children":[]},{"name":"Icons","expanded":false,"children":[{"name":"icon-128.png","expanded":true,"children":[]},{"name":"icon-16.png","expanded":true,"children":[]},{"name":"icon-256.png","expanded":true,"children":[]},{"name":"icon-32.png","expanded":true,"children":[]},{"name":"icon-512.png","expanded":true,"children":[]},{"name":"icon-64.png","expanded":true,"children":[]},{"name":"loading-logo.png","expanded":true,"children":[]}]},{"name":"Files","expanded":true,"children":[]}]}]},"propertiesBarActiveObject":{"name":"lvl 3","type":"layout"}}