{
	"name": "Sprite10",
	"plugin-id": "Sprite",
	"sid": 858366062039974,
	"isGlobal": false,
	"instanceVariables": [],
	"behaviorTypes": [
		{
			"behaviorId": "Sin",
			"name": "Sine",
			"sid": 111220990717749
		}
	],
	"effectTypes": [],
	"animations": {
		"items": [
			{
				"frames": [
					{
						"width": 570,
						"height": 556,
						"originX": 0.5,
						"originY": 0.5,
						"originalSource": "",
						"exportFormat": "png",
						"exportQuality": 0.8,
						"imageSpriteId": 4371919,
						"collisionPoly": {
							"points": [
								0.3052630508155155,
								0.19424445337528803,
								0.514035141258909,
								0.1618705035971223,
								0.749122860557154,
								0.29136692019675275,
								0.8228070175438595,
								0.5179856115107911,
								0.6894738448293586,
								0.7859713053531786,
								0.4894735771313048,
								0.8291368004229428,
								0.29824561403508776,
								0.7787768960856708,
								0.13684215880276868,
								0.5035972046337539
							]
						},
						"useCollisionPoly": true,
						"duration": 1
					}
				],
				"sid": 317194212041440,
				"name": "Animation 1",
				"isLooping": false,
				"isPingPong": false,
				"repeatCount": 1,
				"repeatTo": 0,
				"speed": 5
			}
		],
		"subfolders": []
	}
}