{
	"name": "Sprite7",
	"plugin-id": "Sprite",
	"sid": 275944206171466,
	"isGlobal": false,
	"instanceVariables": [],
	"behaviorTypes": [
		{
			"behaviorId": "Platform",
			"name": "Platform",
			"sid": 480707991701683
		},
		{
			"behaviorId": "scrollto",
			"name": "ScrollTo",
			"sid": 775414943133851
		}
	],
	"effectTypes": [],
	"animations": {
		"items": [
			{
				"frames": [
					{
						"width": 250,
						"height": 250,
						"originX": 0.5,
						"originY": 0.5,
						"originalSource": "",
						"exportFormat": "png",
						"exportQuality": 0.8,
						"imageSpriteId": 5995595,
						"useCollisionPoly": true,
						"duration": 1
					}
				],
				"sid": 314498851637294,
				"name": "Animation 1",
				"isLooping": false,
				"isPingPong": false,
				"repeatCount": 1,
				"repeatTo": 0,
				"speed": 5
			}
		],
		"subfolders": []
	}
}