{
	"name": "Sprite8",
	"plugin-id": "Sprite",
	"sid": 513496481477103,
	"isGlobal": false,
	"instanceVariables": [],
	"behaviorTypes": [
		{
			"behaviorId": "solid",
			"name": "Solid",
			"sid": 241287820725513
		},
		{
			"behaviorId": "Sin",
			"name": "Sine",
			"sid": 293963135418272
		}
	],
	"effectTypes": [],
	"animations": {
		"items": [
			{
				"frames": [
					{
						"width": 100,
						"height": 50,
						"originX": -3.5454545454545454,
						"originY": -3.3,
						"originalSource": "",
						"exportFormat": "png",
						"exportQuality": 0.8,
						"imageSpriteId": 8261063,
						"collisionPoly": {
							"points": [
								0.045454545454545456,
								0.1,
								0.045454545454545456,
								0.1,
								0.9545454545454546,
								0.1,
								0.9545454545454546,
								0.1,
								0.9545454545454546,
								0.9,
								0.045454545454545456,
								0.9,
								0.045454545454545456,
								0.9,
								0.045454545454545456,
								0.1
							]
						},
						"useCollisionPoly": true,
						"duration": 1
					}
				],
				"sid": 842796739348472,
				"name": "Animation 1",
				"isLooping": false,
				"isPingPong": false,
				"repeatCount": 1,
				"repeatTo": 0,
				"speed": 5
			}
		],
		"subfolders": []
	}
}