{
	"name": "Sprite17",
	"plugin-id": "Sprite",
	"sid": 308067727489078,
	"isGlobal": false,
	"instanceVariables": [],
	"behaviorTypes": [],
	"effectTypes": [],
	"animations": {
		"items": [
			{
				"frames": [
					{
						"width": 570,
						"height": 556,
						"originX": 0.5,
						"originY": 0.5,
						"originalSource": "",
						"exportFormat": "png",
						"exportQuality": 0.8,
						"imageSpriteId": 6067802,
						"collisionPoly": {
							"points": [
								0.23989503190793926,
								0.2900739316380996,
								0.46842099909196816,
								0.14978610696619654,
								0.6465254044201407,
								0.23611709710572557,
								0.8359991421702782,
								0.4460431654676258,
								0.7623149851835729,
								0.7256075324072542,
								0.514035141258909,
								0.8551038803972213,
								0.2679653144257574,
								0.7795643669396288,
								0.16621114261928793,
								0.48920852331806425
							]
						},
						"useCollisionPoly": true,
						"duration": 1
					}
				],
				"sid": 237042831502456,
				"name": "Animation 1",
				"isLooping": false,
				"isPingPong": false,
				"repeatCount": 1,
				"repeatTo": 0,
				"speed": 5
			}
		],
		"subfolders": []
	}
}