{
	"name": "Sprite6",
	"plugin-id": "Sprite",
	"sid": 525523953525255,
	"isGlobal": false,
	"instanceVariables": [],
	"behaviorTypes": [
		{
			"behaviorId": "solid",
			"name": "Solid",
			"sid": 221960639193213
		},
		{
			"behaviorId": "Sin",
			"name": "Sine",
			"sid": 177864156661084
		}
	],
	"effectTypes": [],
	"animations": {
		"items": [
			{
				"frames": [
					{
						"width": 41,
						"height": 30,
						"originX": -2.3,
						"originY": -3.7777777777777777,
						"originalSource": "",
						"exportFormat": "png",
						"exportQuality": 0.8,
						"imageSpriteId": 2091022,
						"collisionPoly": {
							"points": [
								0,
								0,
								0,
								0,
								1,
								0,
								1,
								0,
								1,
								1,
								0,
								1,
								0,
								1,
								0,
								0
							]
						},
						"useCollisionPoly": true,
						"duration": 1
					}
				],
				"sid": 207762282142010,
				"name": "Animation 1",
				"isLooping": false,
				"isPingPong": false,
				"repeatCount": 1,
				"repeatTo": 0,
				"speed": 5
			}
		],
		"subfolders": []
	}
}