{
	"name": "Sprite4",
	"plugin-id": "Sprite",
	"sid": 286822592910091,
	"isGlobal": false,
	"instanceVariables": [],
	"behaviorTypes": [
		{
			"behaviorId": "solid",
			"name": "Solid",
			"sid": 875727076677348
		},
		{
			"behaviorId": "Sin",
			"name": "Sine",
			"sid": 874593977176809
		}
	],
	"effectTypes": [],
	"animations": {
		"items": [
			{
				"frames": [
					{
						"width": 41,
						"height": 30,
						"originX": -2.3,
						"originY": -3.7777777777777777,
						"originalSource": "",
						"exportFormat": "png",
						"exportQuality": 0.8,
						"imageSpriteId": 4047691,
						"collisionPoly": {
							"points": [
								0,
								0,
								0,
								0,
								1,
								0,
								1,
								0,
								1,
								1,
								0,
								1,
								0,
								1,
								0,
								0
							]
						},
						"useCollisionPoly": true,
						"duration": 1
					}
				],
				"sid": 527822425951396,
				"name": "Animation 1",
				"isLooping": false,
				"isPingPong": false,
				"repeatCount": 1,
				"repeatTo": 0,
				"speed": 5
			}
		],
		"subfolders": []
	}
}